{
  "id": "fudge-rpg",
  "title": "Fudge RPG",
  "description": "Games based on the Freeform Universal Do-It-Yourself Gaming Engine (FUDGE).",
  "version": "1.3.0-v11.alpha.1",
  "authors": [
    {
      "name": "lupestro",
      "email": "lupestro@macksoft.com",
      "discord": "@lupestro#2211",
      "flags": {}
    }
  ],
  "compatibility": {
    "minimum": "10",
    "verified": "10",
    "maximum": "11"
  },
  "esmodules": [
    "fudge.mjs"
  ],
  "styles": [
    "styles/fudge.css"
  ],
  "packs": [
    {
      "name": "ff-characters",
      "label": "Fantasy Fudge Characters",
      "path": "packs/ff-characters.db",
      "type": "Actor",
      "system": "fudge-rpg",
      "private": false,
      "flags": {}
    },
    {
      "name": "attributes",
      "label": "Fudge Attributes",
      "path": "packs/attributes.db",
      "type": "Item",
      "system": "fudge-rpg",
      "private": false,
      "flags": {}
    },
    {
      "name": "ff-skills",
      "label": "Fantasy Fudge Skills",
      "path": "packs/ff-skills.db",
      "type": "Item",
      "system": "fudge-rpg",
      "private": false,
      "flags": {}
    },
    {
      "name": "ff-magic",
      "label": "Fantasy Fudge Magic",
      "path": "packs/ff-magic.db",
      "type": "Item",
      "system": "fudge-rpg",
      "private": false,
      "flags": {}
    },
    {
      "name": "ff-gifts",
      "label": "Fantasy Fudge Gifts",
      "path": "packs/ff-gifts.db",
      "type": "Item",
      "system": "fudge-rpg",
      "private": false,
      "flags": {}
    },
    {
      "name": "ff-faults",
      "label": "Fantasy Fudge Faults",
      "path": "packs/ff-faults.db",
      "type": "Item",
      "system": "fudge-rpg",
      "private": false,
      "flags": {}
    },
    {
      "name": "ff-equipment",
      "label": "Fantasy Fudge Equipment",
      "path": "packs/ff-equipment.db",
      "type": "Item",
      "system": "fudge-rpg",
      "private": false,
      "flags": {}
    },
    {
      "name": "journals",
      "label": "Fudge Journals",
      "path": "packs/journals.db",
      "type": "JournalEntry",
      "system": "fudge-rpg",
      "private": false,
      "flags": {}
    }
  ],
  "languages": [
    {
      "lang": "en",
      "name": "English",
      "path": "lang/en.json",
      "flags": {}
    }
  ],
  "url": "https://github.com/lupestro/fvtt-fudge/",
  "manifest": "https://raw.githubusercontent.com/lupestro/fvtt-fudge/v11/system.json",
  "download": "https://raw.githubusercontent.com/lupestro/fvtt-fudge/v11/release-v11.alpha.1.zip"
}