{
  "Actor": {
    "types": ["major"],
    "templates": {
      "basic": {
        "fp": 0,
        "ep": 0,
        "wounds": {
          "scratch": 0,
          "hurt": 0,
          "veryhurt": 0,
          "incapacitated": 0,
          "neardeath": 0
        },
        "notes": "<p></p>"
      },
      "occ": {
        "unspent": {
          "attrlevels": 0,
          "skilllevels": 0,
          "gifts": 0,
          "faults": 0
        }
      }
    },
    "major": {
      "templates": ["basic","occ"]
    }
  },
  "Item": {
    "types": ["attributeset","skill","gift","fault","equipment"],
    "templates": { 
      "described": {
        "description": "<p></p>"
      }
    },
    "attributeset": {
      "templates": ["described"],
      "attributes": [
        {
          "name": "",
          "level": 0
        }
      ],
      "muscleweapon": "",
      "damagecap": ""
    },
    "skill": {
      "templates": ["described"],
      "level": -2,
      "group": "General",
      "group2": ""
    },
    "gift": {
      "templates": ["described"]
    },
    "fault": {
      "templates": ["described"]
    },
    "equipment": {
      "templates": ["described"],
      "odf": 0,
      "ddf": 0,
      "quantity":0
    }
  }
}